{
  "Get Items in Cart After deletion" : {
    "transaction" : "Get Items in Cart After deletion",
    "sampleCount" : 15,
    "errorCount" : 10,
    "errorPct" : 66.666664,
    "meanResTime" : 356.93333333333334,
    "medianResTime" : 332.0,
    "minResTime" : 307.0,
    "maxResTime" : 465.0,
    "pct1ResTime" : 453.0,
    "pct2ResTime" : 465.0,
    "pct3ResTime" : 465.0,
    "throughput" : 0.8363534987454698,
    "receivedKBytesPerSec" : 0.30916765402843605,
    "sentKBytesPerSec" : 0.1734235607750209
  },
  "Login - Transaction Controller" : {
    "transaction" : "Login - Transaction Controller",
    "sampleCount" : 15,
    "errorCount" : 0,
    "errorPct" : 0.0,
    "meanResTime" : 436.06666666666666,
    "medianResTime" : 425.0,
    "minResTime" : 385.0,
    "maxResTime" : 523.0,
    "pct1ResTime" : 517.6,
    "pct2ResTime" : 523.0,
    "pct3ResTime" : 523.0,
    "throughput" : 0.8370068634562804,
    "receivedKBytesPerSec" : 0.22232994810557447,
    "sentKBytesPerSec" : 0.1855474199263434
  },
  "Get Items in Cart" : {
    "transaction" : "Get Items in Cart",
    "sampleCount" : 15,
    "errorCount" : 10,
    "errorPct" : 66.666664,
    "meanResTime" : 387.20000000000005,
    "medianResTime" : 392.0,
    "minResTime" : 303.0,
    "maxResTime" : 557.0,
    "pct1ResTime" : 509.0,
    "pct2ResTime" : 557.0,
    "pct3ResTime" : 557.0,
    "throughput" : 0.8371002846140967,
    "receivedKBytesPerSec" : 0.34557636098554606,
    "sentKBytesPerSec" : 0.17357841188124337
  },
  "Debug Sampler" : {
    "transaction" : "Debug Sampler",
    "sampleCount" : 15,
    "errorCount" : 0,
    "errorPct" : 0.0,
    "meanResTime" : 0.39999999999999997,
    "medianResTime" : 0.0,
    "minResTime" : 0.0,
    "maxResTime" : 2.0,
    "pct1ResTime" : 1.4000000000000004,
    "pct2ResTime" : 2.0,
    "pct3ResTime" : 2.0,
    "throughput" : 0.8556759840273817,
    "receivedKBytesPerSec" : 0.4896739517969195,
    "sentKBytesPerSec" : 0.0
  },
  "Purchase Items - Transaction Controller" : {
    "transaction" : "Purchase Items - Transaction Controller",
    "sampleCount" : 15,
    "errorCount" : 10,
    "errorPct" : 66.666664,
    "meanResTime" : 2663.5333333333333,
    "medianResTime" : 2595.0,
    "minResTime" : 2387.0,
    "maxResTime" : 3168.0,
    "pct1ResTime" : 3142.8,
    "pct2ResTime" : 3168.0,
    "pct3ResTime" : 3168.0,
    "throughput" : 0.7439000198373339,
    "receivedKBytesPerSec" : 1.6891760997321958,
    "sentKBytesPerSec" : 1.210048307007538
  },
  "Total" : {
    "transaction" : "Total",
    "sampleCount" : 150,
    "errorCount" : 65,
    "errorPct" : 43.333332,
    "meanResTime" : 381.75333333333356,
    "medianResTime" : 391.0,
    "minResTime" : 0.0,
    "maxResTime" : 1786.0,
    "pct1ResTime" : 567.8000000000001,
    "pct2ResTime" : 663.8999999999997,
    "pct3ResTime" : 1274.4700000000091,
    "throughput" : 6.418759895588173,
    "receivedKBytesPerSec" : 2.171471487333647,
    "sentKBytesPerSec" : 1.3293017726475245
  },
  "Login Into demoblaze" : {
    "transaction" : "Login Into demoblaze",
    "sampleCount" : 15,
    "errorCount" : 0,
    "errorPct" : 0.0,
    "meanResTime" : 436.06666666666666,
    "medianResTime" : 425.0,
    "minResTime" : 385.0,
    "maxResTime" : 523.0,
    "pct1ResTime" : 517.6,
    "pct2ResTime" : 523.0,
    "pct3ResTime" : 523.0,
    "throughput" : 0.8367267250515982,
    "receivedKBytesPerSec" : 0.22225553634183076,
    "sentKBytesPerSec" : 0.1854853189323367
  },
  "Delete Cart" : {
    "transaction" : "Delete Cart",
    "sampleCount" : 15,
    "errorCount" : 0,
    "errorPct" : 0.0,
    "meanResTime" : 411.26666666666665,
    "medianResTime" : 404.0,
    "minResTime" : 321.0,
    "maxResTime" : 636.0,
    "pct1ResTime" : 555.0,
    "pct2ResTime" : 636.0,
    "pct3ResTime" : 636.0,
    "throughput" : 0.8334259362151349,
    "receivedKBytesPerSec" : 0.187412316646294,
    "sentKBytesPerSec" : 0.16440628819868874
  },
  "Signup into Demoblaze" : {
    "transaction" : "Signup into Demoblaze",
    "sampleCount" : 15,
    "errorCount" : 15,
    "errorPct" : 100.0,
    "meanResTime" : 717.5333333333333,
    "medianResTime" : 654.0,
    "minResTime" : 517.0,
    "maxResTime" : 1786.0,
    "pct1ResTime" : 1184.2000000000003,
    "pct2ResTime" : 1786.0,
    "pct3ResTime" : 1786.0,
    "throughput" : 0.77780658542909,
    "receivedKBytesPerSec" : 0.2134410649468499,
    "sentKBytesPerSec" : 0.1731834975369458
  },
  "Delete an item" : {
    "transaction" : "Delete an item",
    "sampleCount" : 15,
    "errorCount" : 0,
    "errorPct" : 0.0,
    "meanResTime" : 393.40000000000003,
    "medianResTime" : 384.0,
    "minResTime" : 324.0,
    "maxResTime" : 507.0,
    "pct1ResTime" : 498.6,
    "pct2ResTime" : 507.0,
    "pct3ResTime" : 507.0,
    "throughput" : 0.8371937266283418,
    "receivedKBytesPerSec" : 0.20820833565887145,
    "sentKBytesPerSec" : 0.18558884369593123
  },
  "Add To Cart" : {
    "transaction" : "Add To Cart",
    "sampleCount" : 45,
    "errorCount" : 30,
    "errorPct" : 66.666664,
    "meanResTime" : 371.5777777777778,
    "medianResTime" : 358.0,
    "minResTime" : 306.0,
    "maxResTime" : 511.0,
    "pct1ResTime" : 473.2,
    "pct2ResTime" : 509.4,
    "pct3ResTime" : 511.0,
    "throughput" : 2.4111879119112682,
    "receivedKBytesPerSec" : 0.815502682446552,
    "sentKBytesPerSec" : 0.6373322215077961
  },
  "SignUp - Transaction Controller" : {
    "transaction" : "SignUp - Transaction Controller",
    "sampleCount" : 15,
    "errorCount" : 15,
    "errorPct" : 100.0,
    "meanResTime" : 717.5333333333333,
    "medianResTime" : 654.0,
    "minResTime" : 517.0,
    "maxResTime" : 1786.0,
    "pct1ResTime" : 1184.2000000000003,
    "pct2ResTime" : 1786.0,
    "pct3ResTime" : 1786.0,
    "throughput" : 0.7730763284028243,
    "receivedKBytesPerSec" : 0.21214301589960316,
    "sentKBytesPerSec" : 0.17213027624594135
  }
}